patient1, resistance1, patient2, resistance2, probability, jaccardSimilarity, distance
"SRR5065526", 6, "SRR5067289", 5, 0.23981968457614106, 1.0, 0
"ERR1367667", 6, "SRR5184988", 6, 0.23981441893434668, 1.0, 0
"SRR5153919", 7, "SRR5153925", 7, 0.23981252032827463, 1.0, 0
"SRR4037639", 2, "SRR4037661", 2, 0.23981241885538712, 1.0, 0
"ERR1664652", 10, "ERR1815555", 10, 0.2398123734589304, 1.0, 0
"SRR3743488", 6, "SRR5153923", 6, 0.23981141705311304, 1.0, 0
"SRR5153853", 6, "SRR5153923", 6, 0.23981127277113373, 1.0, 0
"SRR3544728", 8, "4153-13", 8, 0.23981103353473773, 1.0, 0
"SRR3743488", 6, "SRR5153853", 6, 0.23981073460021254, 1.0, 0
"ERR1873432", 10, "ERR1873562", 10, 0.2398104649840654, 1.0, 0
"ERR1873470", 9, "ERR1873474", 9, 0.23981024983280858, 1.0, 0
"SRR5114018", 7, "SRR5114019", 7, 0.23980975093473506, 1.0, 0
"12466-13", 7, "12487-13", 7, 0.23980972668193126, 1.0, 0
"SRR3205959", 7, "SRR5114018", 7, 0.23980959685674094, 1.0, 0
"ERR1873432", 10, "ERR1873447", 10, 0.23980909720178273, 1.0, 0
"ERR1555059", 5, "ERR1555062", 5, 0.2398090140226131, 1.0, 0
"ERR1873447", 10, "ERR1873562", 10, 0.2398090135341683, 1.0, 0
"SRR5114018", 7, "SRR5114020", 7, 0.23980678307548886, 1.0, 0
"ERR1664662", 10, "ERR1815555", 10, 0.23980600558008114, 1.0, 0
"SRR5818575", 11, "SRR5818695", 12, 0.239801239407276, 1.0, 0
"ERR1664642", 10, "ERR1815555", 10, 0.23980079634768164, 1.0, 0
"SRR5153424", 6, "11883-13", 6, 0.2398005926907638, 1.0, 0
"SRR5818575", 11, "SRR5818576", 11, 0.2397985108014319, 1.0, 0
"SRR5153424", 6, "13344-13", 6, 0.23979792934951238, 1.0, 0
"ERR1873450", 9, "ERR1873451", 11, 0.2397898567965162, 1.0, 0
"ERR1873421", 10, "ERR1873529", 10, 0.2397893669882448, 1.0, 0
"SRR3743382", 7, "SRR3743408", 9, 0.23978884925735375, 1.0, 0
"SRR3743408", 9, "SRR3743449", 7, 0.2397876709245599, 1.0, 0
"ERR1873430", 10, "ERR1873503", 10, 0.2397847176810805, 1.0, 0
"ERR1873429", 10, "ERR1873503", 10, 0.23978448128602978, 1.0, 0
"ERR1873524", 10, "ERR1873539", 10, 0.2397841125709581, 1.0, 0
"ERR1873397", 10, "ERR1873503", 10, 0.23978182416048602, 1.0, 0
"SRR3743408", 9, "SRR3743491", 7, 0.2397804587646172, 1.0, 0
"ERR1873429", 10, "ERR1873553", 10, 0.23978006128142046, 1.0, 0
"SRR3743484", 6, "SRR3743498", 7, 0.23977943340773494, 1.0, 0
"ERR1873390", 8, "ERR1873414", 8, 0.23977894768634758, 1.0, 0
"ERR1873440", 9, "ERR1873551", 9, 0.23977595411963257, 1.0, 0
"SRR3743382", 7, "SRR3743491", 7, 0.23977341121265622, 1.0, 0
"ERR1873529", 10, "ERR1873536", 10, 0.2397709768589668, 1.0, 0
"ERR1873429", 10, "ERR1873523", 10, 0.23976979603557086, 1.0, 0
"SRR5152897", 8, "SRR5153331", 8, 0.23976976818337592, 1.0, 0
"ERR1873451", 11, "ERR1873484", 9, 0.23976871263247432, 1.0, 0
"SRR5153887", 5, "SRR5153906", 5, 0.23976749118058122, 1.0, 0
"SRR3743479", 6, "SRR3743484", 6, 0.23976719779964314, 1.0, 0
"SRR3743382", 7, "SRR3743449", 7, 0.23976562750428396, 1.0, 0
"SRR3743479", 6, "SRR3743498", 7, 0.23976542430657058, 1.0, 0
"ERR1227528", 9, "ERR1664646", 9, 0.2397648535056255, 1.0, 0
"ERR1873450", 9, "ERR1873484", 9, 0.23976474666072775, 1.0, 0
"SRR3743498", 7, "SRR5153917", 6, 0.23976357043310875, 1.0, 0
"ERR1873421", 10, "ERR1873536", 10, 0.239763343362692, 1.0, 0
"ERR1664663", 6, "10962-13", 5, 0.23976189831896202, 1.0, 0
"SRR5153865", 5, "SRR5153902", 5, 0.23976181718105324, 1.0, 0
"ERR1873421", 10, "ERR1873480", 10, 0.2397616878002464, 1.0, 0
"SRR5153225", 8, "SRR5153331", 8, 0.23976085593293472, 1.0, 0
"ERR1873395", 10, "ERR1873542", 10, 0.23976075239923, 1.0, 0
"ERR1873397", 10, "ERR1873507", 10, 0.23976045897569576, 1.0, 0
"ERR1873529", 10, "ERR1873538", 10, 0.23975902474555655, 1.0, 0
"ERR1873455", 10, "ERR1873484", 9, 0.23975816917228243, 1.0, 0
"ERR1873480", 10, "ERR1873542", 10, 0.23975636666938116, 1.0, 0
"SRR3743449", 7, "SRR3743491", 7, 0.2397563536409621, 1.0, 0
"ERR1873490", 10, "ERR1873529", 10, 0.2397540660157557, 1.0, 0
"SRR5153821", 5, "SRR5153882", 5, 0.2397540260098418, 1.0, 0
"SRR3743498", 7, "SRR5153921", 6, 0.23975389526700178, 1.0, 0
"ERR1664653", 6, "10962-13", 5, 0.23975348005256034, 1.0, 0
"SRR5153865", 5, "SRR5153887", 5, 0.23975307523072295, 1.0, 0
"ERR1873395", 10, "ERR1873480", 10, 0.2397529071045595, 1.0, 0
"ERR1873397", 10, "ERR1873429", 10, 0.23975219251333096, 1.0, 0
"ERR1873536", 10, "ERR1873542", 10, 0.23975137105077196, 1.0, 0
"SRR3743484", 6, "SRR5153917", 6, 0.23975033167535367, 1.0, 0
"ERR1873421", 10, "ERR1873490", 10, 0.23974780291068887, 1.0, 0
"ERR1873422", 10, "ERR1873538", 10, 0.23974769445325622, 1.0, 0
"SRR3743479", 6, "SRR5153854", 6, 0.2397472693181283, 1.0, 0
"ERR1873429", 10, "ERR1873494", 11, 0.23974720492308124, 1.0, 0
"SRR3743484", 6, "SRR5153921", 6, 0.23974717406839985, 1.0, 0
"SRR3743416", 5, "SRR5153887", 5, 0.23974710703900368, 1.0, 0
"SRR3743381", 6, "SRR3743462", 6, 0.23974691412803828, 1.0, 0
"ERR1873395", 10, "ERR1873421", 10, 0.23974581789065783, 1.0, 0
"ERR1873422", 10, "ERR1873536", 10, 0.2397453783206635, 1.0, 0
"ERR1873421", 10, "ERR1873538", 10, 0.23974537766600504, 1.0, 0
"ERR1873422", 10, "ERR1873480", 10, 0.23974463107170493, 1.0, 0
"SRR5153887", 5, "SRR5153902", 5, 0.23974443277433932, 1.0, 0
"ERR1873426", 10, "ERR1873529", 10, 0.23974290156526518, 1.0, 0
"ERR1873538", 10, "ERR1873542", 10, 0.23974239946129344, 1.0, 0
"SRR3743402", 6, "SRR5163781", 6, 0.2397418918219916, 1.0, 0
"SRR5153821", 5, "SRR5153827", 5, 0.23974128804469927, 1.0, 0
"ERR1873489", 10, "ERR1873526", 10, 0.2397404012342299, 1.0, 0
"ERR1873395", 10, "ERR1873529", 10, 0.23973950736728988, 1.0, 0
"SRR5153821", 5, "SRR5153906", 5, 0.2397379955555907, 1.0, 0
"SRR3743398", 6, "SRR3743462", 6, 0.23973793191501294, 1.0, 0
"SRR5153227", 8, "SRR5153331", 8, 0.23973754452980459, 1.0, 0
"ERR1873422", 10, "ERR1873429", 10, 0.2397366344222113, 1.0, 0
"SRR5153821", 5, "SRR5153887", 5, 0.2397359867917205, 1.0, 0
"SRR5152897", 8, "SRR5153227", 8, 0.23973448319694626, 1.0, 0
"SRR3743378", 6, "SRR3743398", 6, 0.23973300218272228, 1.0, 0
"SRR5153865", 5, "SRR5153906", 5, 0.23973246818488175, 1.0, 0
"SRR3743378", 6, "SRR3743462", 6, 0.23973197330902216, 1.0, 0
"SRR3743460", 5, "SRR5153821", 5, 0.23973067240998486, 1.0, 0
"SRR3743369", 8, "SRR3743484", 6, 0.2397305704817798, 1.0, 0
"SRR3743369", 8, "SRR3743479", 6, 0.23973013058832818, 1.0, 0
"SRR3743381", 6, "SRR3743398", 6, 0.2397297463668828, 1.0, 0
"ERR1873489", 10, "ERR1873515", 10, 0.23972860247498576, 1.0, 0
"ERR1873496", 10, "ERR1873529", 10, 0.23972777615034302, 1.0, 0
"ERR1873494", 11, "ERR1873529", 10, 0.2397268933016434, 1.0, 0
"SRR5153821", 5, "SRR5153915", 5, 0.23972618316491418, 1.0, 0
"12466-13", 7, "5887-13", 7, 0.23972516874016028, 1.0, 0
"SRR3743484", 6, "SRR5153854", 6, 0.23972444291574396, 1.0, 0
"SRR3743383", 6, "SRR3743462", 6, 0.2397230948782588, 1.0, 0
"ERR1873494", 11, "ERR1873553", 10, 0.23972239278626342, 1.0, 0
"ERR1873395", 10, "ERR1873429", 10, 0.23972204632589894, 1.0, 0
"ERR1873426", 10, "ERR1873429", 10, 0.2397210354517128, 1.0, 0
"SRR3743385", 6, "SRR3743462", 6, 0.2397206760191959, 1.0, 0
"ERR1873494", 11, "ERR1873504", 10, 0.23971848560988854, 1.0, 0
"SRR3743385", 6, "SRR5153854", 6, 0.23971764645818716, 1.0, 0
"ERR1873494", 11, "ERR1873523", 10, 0.2397176285774857, 1.0, 0
"ERR1873521", 10, "ERR1873529", 10, 0.2397175854711277, 1.0, 0
"ERR1873494", 11, "ERR1873503", 10, 0.23971741077594363, 1.0, 0
"ERR1873421", 10, "ERR1873494", 11, 0.2397173313462529, 1.0, 0
"SRR5153827", 5, "SRR5153887", 5, 0.23971702143061788, 1.0, 0
"SRR5153902", 5, "SRR5153906", 5, 0.2397161431400741, 1.0, 0
"SRR5153827", 5, "SRR5153865", 5, 0.23971547075333385, 1.0, 0
"SRR3743460", 5, "SRR5153887", 5, 0.2397153762101729, 1.0, 0
"SRR3743385", 6, "SRR3743402", 6, 0.23971533005050835, 1.0, 0
"ERR1873494", 11, "ERR1873507", 10, 0.23971469443238724, 1.0, 0
"SRR5153882", 5, "SRR5153906", 5, 0.23971370362540947, 1.0, 0
"SRR3743498", 7, "SRR5153854", 6, 0.2397130666331165, 1.0, 0
"ERR1873440", 9, "ERR1873452", 9, 0.2397124597031924, 1.0, 0
"ERR1873521", 10, "ERR1873553", 10, 0.23971221831760142, 1.0, 0
"SRR5153821", 5, "SRR5153865", 5, 0.2397112363119038, 1.0, 0
"12487-13", 7, "5887-13", 7, 0.2397111629283635, 1.0, 0
"SRR5153827", 5, "SRR5153906", 5, 0.23971114838158233, 1.0, 0
"SRR3743383", 6, "SRR3743385", 6, 0.23971089671729554, 1.0, 0
"SRR5153882", 5, "SRR5153887", 5, 0.2397108962383569, 1.0, 0
"SRR3743416", 5, "SRR5153906", 5, 0.23970925043491284, 1.0, 0
"ERR1873480", 10, "ERR1873496", 10, 0.23970903555839798, 1.0, 0
"SRR5153827", 5, "SRR5153882", 5, 0.2397088251828369, 1.0, 0
"ERR1873422", 10, "ERR1873494", 11, 0.23970783423408445, 1.0, 0
"SRR3743398", 6, "SRR5153854", 6, 0.2397059958766826, 1.0, 0
"ERR1873429", 10, "ERR1873542", 10, 0.2397055724868016, 1.0, 0
"SRR3743462", 6, "SRR5153854", 6, 0.23970500298459255, 1.0, 0
"SRR3743398", 6, "SRR3743479", 6, 0.23970478411863844, 1.0, 0
"SRR3743381", 6, "SRR3743385", 6, 0.23970423172362826, 1.0, 0
"ERR1873468", 11, "ERR1873510", 11, 0.2397036211374586, 1.0, 0
"SRR3743479", 6, "SRR5153917", 6, 0.23970319852442665, 1.0, 0
"SRR3743479", 6, "SRR5153921", 6, 0.2397030440666548, 1.0, 0
"ERR1873407", 9, "ERR1873551", 9, 0.2397009016926933, 1.0, 0
"ERR1873436", 11, "ERR1873494", 11, 0.23970068334197647, 1.0, 0
"ERR1873494", 11, "ERR1873547", 12, 0.2397003307708399, 1.0, 0
"ERR1873494", 11, "ERR1873541", 11, 0.23969955579315405, 1.0, 0
"ERR1873397", 10, "ERR1873494", 11, 0.23969952110589596, 1.0, 0
"SRR3743381", 6, "SRR5153854", 6, 0.23969925140047574, 1.0, 0
"ERR1873430", 10, "ERR1873496", 10, 0.23969900293525417, 1.0, 0
"SRR3743381", 6, "SRR3743479", 6, 0.2396989147933421, 1.0, 0
"SRR3743385", 6, "SRR3743398", 6, 0.23969808536820075, 1.0, 0
"SRR3743369", 8, "SRR3743498", 7, 0.23969799788730153, 1.0, 0
"ERR1873494", 11, "ERR1873542", 10, 0.23969725507075754, 1.0, 0
"SRR5153821", 5, "SRR5153902", 5, 0.23969594695086327, 1.0, 0
"ERR1873421", 10, "ERR1873429", 10, 0.23969584352581458, 1.0, 0
"SRR3743416", 5, "SRR5153865", 5, 0.23969514718208265, 1.0, 0
"ERR1873480", 10, "ERR1873521", 10, 0.23969417091231848, 1.0, 0
"ERR1873395", 10, "ERR1873494", 11, 0.23969404338383846, 1.0, 0
"1244-13", 7, "5887-13", 7, 0.23969371171467574, 1.0, 0
"SRR3743398", 6, "SRR3743484", 6, 0.2396932882533902, 1.0, 0
"SRR3743378", 6, "SRR3743479", 6, 0.23969203996021463, 1.0, 0
"ERR1873490", 10, "ERR1873494", 11, 0.23969176891968175, 1.0, 0
"ERR1873422", 10, "ERR1873503", 10, 0.2396911125825896, 1.0, 0
"ERR1873494", 11, "ERR1873521", 10, 0.2396898401870374, 1.0, 0
"ERR1873430", 10, "ERR1873490", 10, 0.2396891444532287, 1.0, 0
"ERR1873494", 11, "ERR1873514", 10, 0.23968878252771236, 1.0, 0
"ERR1873421", 10, "ERR1873504", 10, 0.2396868112330845, 1.0, 0
"SRR3743460", 5, "SRR5153827", 5, 0.23968664306960283, 1.0, 0
"ERR1873494", 11, "ERR1873496", 10, 0.2396863187019379, 1.0, 0
"SRR3743383", 6, "SRR3743398", 6, 0.2396862439984033, 1.0, 0
"ERR1873426", 10, "ERR1873430", 10, 0.23968521553463162, 1.0, 0
"ERR1873422", 10, "ERR1873430", 10, 0.23968497727590535, 1.0, 0
"ERR1873429", 10, "ERR1873538", 10, 0.23968477174803554, 1.0, 0
"ERR1873429", 10, "ERR1873529", 10, 0.23968385125750852, 1.0, 0
"ERR1873494", 11, "ERR1873538", 10, 0.2396836996858997, 1.0, 0
"ERR1873426", 10, "ERR1873553", 10, 0.23968307662660146, 1.0, 0
"SRR3743462", 6, "SRR3743479", 6, 0.23968266592042006, 1.0, 0
"ERR1873521", 10, "ERR1873523", 10, 0.23968263068082557, 1.0, 0
"SRR3743369", 8, "SRR3743385", 6, 0.23968222614050883, 1.0, 0
"ERR1873421", 10, "ERR1873547", 12, 0.23968185024174193, 1.0, 0
"ERR1873494", 11, "ERR1873525", 10, 0.2396814555338634, 1.0, 0
"ERR1873490", 10, "ERR1873503", 10, 0.2396813865804846, 1.0, 0
"ERR1873422", 10, "ERR1873553", 10, 0.23967979696573757, 1.0, 0
"SRR3743378", 6, "SRR5153854", 6, 0.23967954921558368, 1.0, 0
"SRR3743402", 6, "SRR3743462", 6, 0.23967927451745139, 1.0, 0
"ERR1873507", 10, "ERR1873542", 10, 0.23967867177404786, 1.0, 0
"SRR3743378", 6, "SRR3743385", 6, 0.23967688283272495, 1.0, 0
"ERR1873426", 10, "ERR1873494", 11, 0.23967602340975971, 1.0, 0
"ERR1873395", 10, "ERR1873553", 10, 0.23967582512566102, 1.0, 0
"ERR1873480", 10, "ERR1873494", 11, 0.23967574448242296, 1.0, 0
"ERR1873504", 10, "ERR1873529", 10, 0.23967536041540985, 1.0, 0
"SRR3743460", 5, "SRR5153865", 5, 0.23967534802430374, 1.0, 0
"SRR3743402", 6, "SRR5153854", 6, 0.23967530249860855, 1.0, 0
"ERR1873407", 9, "ERR1873440", 9, 0.23967519740322368, 1.0, 0
"SRR3743398", 6, "SRR3743498", 7, 0.23967345947076138, 1.0, 0
"SRR3743416", 5, "SRR5153902", 5, 0.23967344279511865, 1.0, 0
"ERR1873395", 10, "ERR1873503", 10, 0.23967284370126413, 1.0, 0
"SRR5153824", 5, "SRR5153906", 5, 0.23967251901056832, 1.0, 0
"ERR1873422", 10, "ERR1873436", 11, 0.23967101655410672, 1.0, 0
"SRR3743369", 8, "SRR3743381", 6, 0.23967050425160172, 1.0, 0
"SRR3743378", 6, "SRR3743383", 6, 0.23966871775224208, 1.0, 0
"ERR1873395", 10, "ERR1873436", 11, 0.23966800430944002, 1.0, 0
"SRR3743383", 6, "SRR3743479", 6, 0.2396660746526359, 1.0, 0
"SRR3743402", 6, "SRR3743479", 6, 0.239665514587265, 1.0, 0
"ERR1873496", 10, "ERR1873523", 10, 0.23966498288249813, 1.0, 0
"SRR3743383", 6, "SRR5163781", 6, 0.23966399224786056, 1.0, 0
"SRR3743369", 8, "SRR3743398", 6, 0.23966332391216374, 1.0, 0
"SRR3743369", 8, "SRR5153921", 6, 0.2396631592145961, 1.0, 0
"SRR3743385", 6, "SRR3743484", 6, 0.23966215040030653, 1.0, 0
"SRR3743369", 8, "SRR3743462", 6, 0.23965949775135867, 1.0, 0
"SRR5153865", 5, "SRR5153882", 5, 0.2396593034528617, 1.0, 0
"SRR5153906", 5, "SRR5153915", 5, 0.2396592243904349, 1.0, 0
"ERR1873494", 11, "ERR1873536", 10, 0.2396582804307109, 1.0, 0
"SRR5153828", 6, "SRR5153887", 5, 0.23965814686830278, 1.0, 0
"SRR3743369", 8, "SRR3743402", 6, 0.23965706962672395, 1.0, 0
"ERR1873422", 10, "ERR1873514", 10, 0.23965689960515635, 1.0, 0
"SRR3743383", 6, "SRR5153854", 6, 0.23965664598712708, 1.0, 0
"ERR1873421", 10, "ERR1873507", 10, 0.23965570635992367, 1.0, 0
"SRR3743378", 6, "SRR3743484", 6, 0.2396553658325482, 1.0, 0
"SRR3743381", 6, "SRR3743498", 7, 0.23965502741855538, 1.0, 0
"ERR1873490", 10, "ERR1873514", 10, 0.23965335870561577, 1.0, 0
"ERR1873454", 9, "ERR1873551", 9, 0.2396523216573291, 1.0, 0
"SRR3743416", 5, "SRR5153828", 6, 0.23965191043541884, 1.0, 0
"ERR1873507", 10, "ERR1873538", 10, 0.23965144495435664, 1.0, 0
"ERR1873490", 10, "ERR1873523", 10, 0.23965126136243772, 1.0, 0
"ERR1873426", 10, "ERR1873523", 10, 0.23965076047999662, 1.0, 0
"ERR1633796", 9, "ERR1873533", 9, 0.2396501406751523, 1.0, 0
"ERR1873503", 10, "ERR1873542", 10, 0.2396500834024046, 1.0, 0
"SRR3743383", 6, "SRR5153885", 6, 0.23965007719657536, 1.0, 0
"SRR3743381", 6, "SRR3743484", 6, 0.23964935405003587, 1.0, 0
"SRR3743381", 6, "SRR3743402", 6, 0.2396490184323713, 1.0, 0
"SRR5153824", 5, "SRR5153887", 5, 0.23964862468791231, 1.0, 0
"ERR1873395", 10, "ERR1873514", 10, 0.23964843097973526, 1.0, 0
"SRR3743378", 6, "SRR3743498", 7, 0.2396476694350172, 1.0, 0
"ERR1873422", 10, "ERR1873523", 10, 0.23964701091341212, 1.0, 0
"ERR1873440", 9, "ERR1873530", 9, 0.23964651529660014, 1.0, 0
"SRR5153882", 5, "SRR5153902", 5, 0.23964643034083463, 1.0, 0
"SRR5153887", 5, "SRR5153915", 5, 0.23964560348088682, 1.0, 0
"ERR1873510", 11, "ERR1873520", 11, 0.23964465031042465, 1.0, 0
"SRR5153854", 6, "SRR5153921", 6, 0.23964451002793555, 1.0, 0
"ERR1873541", 11, "ERR1873542", 10, 0.23964433283367012, 1.0, 0
"ERR1873397", 10, "ERR1873525", 10, 0.23964399500427536, 1.0, 0
"SRR3743369", 8, "SRR5153917", 6, 0.2396433312760387, 1.0, 0
"ERR1873473", 8, "ERR1873500", 8, 0.2396430106901319, 1.0, 0
"SRR5153854", 6, "SRR5153917", 6, 0.23964273696199276, 1.0, 0
"SRR3743385", 6, "SRR3743498", 7, 0.23964215598019564, 1.0, 0
"ERR1873507", 10, "ERR1873529", 10, 0.23964162474653453, 1.0, 0
"ERR1873430", 10, "ERR1873542", 10, 0.23964133929876882, 1.0, 0
"SRR3743460", 5, "SRR5153902", 5, 0.23964114826760036, 1.0, 0
"SRR3743462", 6, "SRR3743484", 6, 0.23964101832090845, 1.0, 0
"SRR3743369", 8, "SRR3743378", 6, 0.23963992476800353, 1.0, 0
"ERR1873397", 10, "ERR1873521", 10, 0.23963988611598844, 1.0, 0
"ERR1873530", 9, "ERR1873551", 9, 0.23963748850979613, 1.0, 0
"SRR3743382", 7, "SRR5153860", 7, 0.23963730549673504, 1.0, 0
"ERR1873480", 10, "ERR1873504", 10, 0.23963717800623238, 1.0, 0
"ERR1873542", 10, "ERR1873553", 10, 0.2396370147176543, 1.0, 0
"ERR1873429", 10, "ERR1873480", 10, 0.23963616804524923, 1.0, 0
"ERR1873436", 11, "ERR1873542", 10, 0.23963501719786273, 1.0, 0
"ERR1873421", 10, "ERR1873503", 10, 0.2396344946795553, 1.0, 0
"SRR3743462", 6, "SRR3743498", 7, 0.23963448797331632, 1.0, 0
"ERR1873440", 9, "ERR1873454", 9, 0.2396339612226959, 1.0, 0
"SRR3743408", 9, "SRR5153860", 7, 0.2396335811891284, 1.0, 0
"SRR3743385", 6, "SRR5163781", 6, 0.23963273445880703, 1.0, 0
"ERR1873538", 10, "ERR1873553", 10, 0.23963249259301558, 1.0, 0
"ERR1873504", 10, "ERR1873536", 10, 0.23963233063199696, 1.0, 0
"ERR1873489", 10, "ERR1873539", 10, 0.23963228890758817, 1.0, 0
"ERR1873429", 10, "ERR1873536", 10, 0.23963174682421723, 1.0, 0
"SRR3743416", 5, "SRR5153821", 5, 0.23963101444934398, 1.0, 0
"SRR3743402", 6, "SRR3743484", 6, 0.23962778796356718, 1.0, 0
"ERR1873430", 10, "ERR1873529", 10, 0.23962763128768766, 1.0, 0
"ERR1664619", 8, "ERR1664634", 8, 0.23962720972884433, 1.0, 0
"SRR3743398", 6, "SRR3743402", 6, 0.23962707293597427, 1.0, 0
"ERR1873397", 10, "ERR1873496", 10, 0.23962548631591574, 1.0, 0
"SRR3743369", 8, "SRR3743383", 6, 0.23962517950362627, 1.0, 0
"ERR1873421", 10, "ERR1873430", 10, 0.23962516998366062, 1.0, 0
"ERR1873503", 10, "ERR1873529", 10, 0.2396250219907139, 1.0, 0
"SRR5153828", 6, "SRR5153906", 5, 0.23962477164127044, 1.0, 0
"SRR3743449", 7, "SRR5153860", 7, 0.2396247072034433, 1.0, 0
"ERR1873453", 9, "ERR1873551", 9, 0.2396241389655207, 1.0, 0
"SRR3743416", 5, "10962-13", 5, 0.23962363216769558, 1.0, 0
"ERR1873529", 10, "ERR1873553", 10, 0.23962358682901583, 1.0, 0
"ERR1873440", 9, "ERR1873453", 9, 0.23962227505738318, 1.0, 0
"SRR3743385", 6, "SRR5153885", 6, 0.23962158246516974, 1.0, 0
"ERR1873451", 11, "ERR1873558", 10, 0.2397557691701187, 0.9166666666666666, 1
"ERR1873494", 11, "ERR1873510", 11, 0.23973971931515192, 0.9166666666666666, 1
"ERR1873494", 11, "ERR1873520", 11, 0.23970451987129468, 0.9166666666666666, 1
"ERR1873421", 10, "ERR1873510", 11, 0.2397944082560216, 0.9090909090909091, 1
"ERR1873429", 10, "ERR1873520", 11, 0.2397833153929277, 0.9090909090909091, 1
"ERR1873510", 11, "ERR1873529", 10, 0.23978154301694543, 0.9090909090909091, 1
"ERR1873430", 10, "ERR1873520", 11, 0.23977908619977997, 0.9090909090909091, 1
"ERR1873510", 11, "ERR1873542", 10, 0.23976837099221496, 0.9090909090909091, 1
"ERR1873422", 10, "ERR1873510", 11, 0.23976670475008569, 0.9090909090909091, 1
"ERR1873480", 10, "ERR1873510", 11, 0.23976390769192524, 0.9090909090909091, 1
"ERR1873510", 11, "ERR1873538", 10, 0.239762711082222, 0.9090909090909091, 1
"ERR1873510", 11, "ERR1873536", 10, 0.23976089355237332, 0.9090909090909091, 1
"ERR1873498", 10, "ERR1873520", 11, 0.23975742274855172, 0.9090909090909091, 1
"ERR1873468", 11, "ERR1873498", 10, 0.2397534971922738, 0.9090909090909091, 1
"ERR1873490", 10, "ERR1873510", 11, 0.23974751192011157, 0.9090909090909091, 1
"ERR1873455", 10, "ERR1873558", 10, 0.2397426449837633, 0.9090909090909091, 1
"ERR1873498", 10, "ERR1873510", 11, 0.23971978457581314, 0.9090909090909091, 1
"ERR1873429", 10, "ERR1873510", 11, 0.23971008279779377, 0.9090909090909091, 1
"ERR1873468", 11, "ERR1873542", 10, 0.23970750473140423, 0.9090909090909091, 1
"ERR1873451", 11, "ERR1873469", 7, 0.23970047979616874, 0.9090909090909091, 1
"ERR1873510", 11, "ERR1873525", 10, 0.23970018851285482, 0.9090909090909091, 1
"ERR1873504", 10, "ERR1873510", 11, 0.23968992800523561, 0.9090909090909091, 1
"ERR1873421", 10, "ERR1873468", 11, 0.23968724220967058, 0.9090909090909091, 1
"ERR1873510", 11, "ERR1873547", 12, 0.2396864022624502, 0.9090909090909091, 1
"ERR1873468", 11, "ERR1873529", 10, 0.2396838529590166, 0.9090909090909091, 1
"ERR1873422", 10, "ERR1873520", 11, 0.23968152277293722, 0.9090909090909091, 1
"ERR1873490", 10, "ERR1873520", 11, 0.23967411657149715, 0.9090909090909091, 1
"ERR1873468", 11, "ERR1873480", 10, 0.23967173933011762, 0.9090909090909091, 1
"ERR1873395", 10, "ERR1873520", 11, 0.23967093077447366, 0.9090909090909091, 1
"ERR1873507", 10, "ERR1873510", 11, 0.23966837244252173, 0.9090909090909091, 1
"ERR1873430", 10, "ERR1873510", 11, 0.23965006642101894, 0.9090909090909091, 1
"ERR1873503", 10, "ERR1873510", 11, 0.23964922596484645, 0.9090909090909091, 1
"ERR1873510", 11, "ERR1873553", 10, 0.23964151271077921, 0.9090909090909091, 1
"ERR1873520", 11, "ERR1873542", 10, 0.23964079993103152, 0.9090909090909091, 1
"ERR1873486", 10, "ERR1873510", 11, 0.2396291433903587, 0.9090909090909091, 1
"ERR1873510", 11, "ERR1873541", 11, 0.23962703852131162, 0.9090909090909091, 1
"ERR1873421", 10, "ERR1873520", 11, 0.2396240769562887, 0.9090909090909091, 1
"ERR1664646", 9, "ERR1815555", 10, 0.23980616365451152, 0.9, 1
"ERR1873423", 10, "ERR1873455", 10, 0.2397970471023576, 0.9, 1
"SRR3743394", 9, "SRR3743480", 9, 0.23979095910179596, 0.9, 1
"ERR1873484", 9, "ERR1873558", 10, 0.23978878088802705, 0.9, 1
"ERR1873499", 9, "ERR1873558", 10, 0.23978691050154965, 0.9, 1
"ERR1227528", 9, "ERR1815555", 10, 0.23977574725864922, 0.9, 1
"ERR1227528", 9, "ERR1664642", 10, 0.2397756188572441, 0.9, 1
"ERR1227528", 9, "ERR1664652", 10, 0.23977375138562673, 0.9, 1
"ERR1633796", 9, "ERR1873529", 10, 0.2397662462227379, 0.9, 1
"ERR1873455", 10, "ERR1873501", 8, 0.239766171475168, 0.9, 1
"SRR3743408", 9, "SRR5153910", 9, 0.23976582499733295, 0.9, 1
"ERR1227528", 9, "ERR1664638", 10, 0.23976398807154115, 0.9, 1
"ERR1227528", 9, "ERR1664635", 10, 0.2397633400308609, 0.9, 1
"ERR1227528", 9, "ERR1664636", 10, 0.2397625204111359, 0.9, 1
"ERR1227528", 9, "ERR1664650", 10, 0.239760974203678, 0.9, 1
"ERR1227528", 9, "ERR1664640", 10, 0.23976005984575696, 0.9, 1
"ERR1227528", 9, "ERR1664660", 10, 0.23975973469115328, 0.9, 1
"ERR1873423", 10, "ERR1873484", 9, 0.23975965386651202, 0.9, 1
"ERR1227528", 9, "ERR1664637", 10, 0.2397591454850673, 0.9, 1
"ERR1873413", 10, "ERR1873484", 9, 0.23975875142890318, 0.9, 1
"ERR1227528", 9, "ERR1664639", 10, 0.2397586698208105, 0.9, 1
"ERR1873413", 10, "ERR1873499", 9, 0.2397586685144774, 0.9, 1
"ERR1873457", 9, "ERR1873558", 10, 0.23975858655004792, 0.9, 1
"ERR1227528", 9, "ERR1664662", 10, 0.2397571933530498, 0.9, 1
"ERR1873450", 9, "ERR1873558", 10, 0.23975339942902646, 0.9, 1
"ERR1873502", 9, "ERR1873524", 10, 0.2397518802820877, 0.9, 1
"ERR1633796", 9, "ERR1873421", 10, 0.23974681095963538, 0.9, 1
"ERR1873440", 9, "ERR1873489", 10, 0.23973755897409946, 0.9, 1
"ERR1873502", 9, "ERR1873539", 10, 0.23973702903567393, 0.9, 1
"ERR1873489", 10, "ERR1873551", 9, 0.23973431078124688, 0.9, 1
"ERR1873434", 9, "ERR1873489", 10, 0.23972770916698746, 0.9, 1
"ERR1633796", 9, "ERR1873542", 10, 0.23972314343280313, 0.9, 1
"ERR1873524", 10, "ERR1873530", 9, 0.23971766133260963, 0.9, 1
"ERR1633796", 9, "ERR1873426", 10, 0.2397105208633614, 0.9, 1
"ERR1633796", 9, "ERR1873422", 10, 0.2397098928485209, 0.9, 1
"ERR1873421", 10, "ERR1873533", 9, 0.23969987682718313, 0.9, 1
"ERR1873502", 9, "ERR1873526", 10, 0.23968743536433934, 0.9, 1
"ERR1873502", 9, "ERR1873515", 10, 0.2396874111409531, 0.9, 1
"ERR1873397", 10, "ERR1873533", 9, 0.23967226147921175, 0.9, 1
"ERR1633796", 9, "ERR1873496", 10, 0.23966320595271737, 0.9, 1
"ERR1873455", 10, "ERR1873469", 7, 0.23965734675242756, 0.9, 1
"ERR1873516", 10, "ERR1873551", 9, 0.23965582955738673, 0.9, 1
"ERR1633796", 9, "ERR1873521", 10, 0.23965459921043034, 0.9, 1
"ERR1633796", 9, "ERR1873525", 10, 0.2396437387173001, 0.9, 1
"ERR1873489", 10, "ERR1873502", 9, 0.23964174149869977, 0.9, 1
"ERR1873440", 9, "ERR1873526", 10, 0.23963394325486115, 0.9, 1
"ERR1873440", 9, "ERR1873516", 10, 0.2396306400516762, 0.9, 1
"ERR1873452", 9, "ERR1873539", 10, 0.23962732856129693, 0.9, 1
"ERR1633796", 9, "ERR1873498", 10, 0.23962228685781908, 0.9, 1
"ERR1873414", 8, "ERR1873499", 9, 0.2397884881025185, 0.8888888888888888, 1
"ERR1873440", 9, "ERR1873500", 8, 0.23978770405584865, 0.8888888888888888, 1
"ERR1873500", 8, "ERR1873551", 9, 0.23978765984105507, 0.8888888888888888, 1
"ERR1873414", 8, "ERR1873484", 9, 0.2397850706275574, 0.8888888888888888, 1
"SRR3743408", 9, "SRR3743484", 6, 0.23978139371797996, 0.8888888888888888, 1
"SRR3743408", 9, "SRR3743498", 7, 0.2397790428122607, 0.8888888888888888, 1
"SRR5152897", 8, "SRR5153245", 9, 0.23977776941075543, 0.8888888888888888, 1
"ERR1873450", 9, "ERR1873491", 8, 0.2397759451215675, 0.8888888888888888, 1
"ERR1873499", 9, "ERR1873537", 9, 0.23977479603724502, 0.8888888888888888, 1
"SRR5153314", 9, "3125-13", 8, 0.23977169801726778, 0.8888888888888888, 1
"ERR1873450", 9, "ERR1873501", 8, 0.23976959049315416, 0.8888888888888888, 1
"ERR1873484", 9, "ERR1873537", 9, 0.23976871747985384, 0.8888888888888888, 1
"ERR1873390", 8, "ERR1873484", 9, 0.2397656946386125, 0.8888888888888888, 1
"ERR1873414", 8, "ERR1873457", 9, 0.2397654667361045, 0.8888888888888888, 1
"ERR1873484", 9, "ERR1873491", 8, 0.23976445803164953, 0.8888888888888888, 1
"SRR5153245", 9, "SRR5153331", 8, 0.23976247120147998, 0.8888888888888888, 1
"SRR3743408", 9, "SRR3743479", 6, 0.23975791937523208, 0.8888888888888888, 1
"ERR1873414", 8, "ERR1873450", 9, 0.23975590533880636, 0.8888888888888888, 1
"ERR1873481", 8, "ERR1873484", 9, 0.2397542891980294, 0.8888888888888888, 1
"ERR1873412", 9, "ERR1873414", 8, 0.23975329289070735, 0.8888888888888888, 1
"ERR1873414", 8, "ERR1873455", 10, 0.2397522032563275, 0.8888888888888888, 1
"ERR1873403", 8, "ERR1873484", 9, 0.2397437359391977, 0.8888888888888888, 1
"ERR1873431", 8, "ERR1873484", 9, 0.23973831090371783, 0.8888888888888888, 1
"SRR3743408", 9, "SRR5153854", 6, 0.23972320247477558, 0.8888888888888888, 1
"SRR3743408", 9, "SRR5153917", 6, 0.2397224267579267, 0.8888888888888888, 1
"ERR1873452", 9, "ERR1873473", 8, 0.23971790205301216, 0.8888888888888888, 1
"SRR3743369", 8, "SRR3743491", 7, 0.23971732266596965, 0.8888888888888888, 1
"SRR3743369", 8, "SRR3743382", 7, 0.23971664958791006, 0.8888888888888888, 1
"SRR3743369", 8, "SRR3743408", 9, 0.2397163279256088, 0.8888888888888888, 1
"SRR3743408", 9, "SRR5153921", 6, 0.23971324890063206, 0.8888888888888888, 1
"ERR1873407", 9, "ERR1873500", 8, 0.2397055897953063, 0.8888888888888888, 1
"ERR1873452", 9, "ERR1873500", 8, 0.23970558011822315, 0.8888888888888888, 1
"SRR5153227", 8, "SRR5153245", 9, 0.23969222637450047, 0.8888888888888888, 1
"ERR1873452", 9, "ERR1873548", 8, 0.23969169487444178, 0.8888888888888888, 1
"SRR3743369", 8, "SRR3743449", 7, 0.23968715616485678, 0.8888888888888888, 1
"ERR1873502", 9, "ERR1873548", 8, 0.23968524043334405, 0.8888888888888888, 1
"ERR1873450", 9, "ERR1873469", 7, 0.23967932058520097, 0.8888888888888888, 1
"ERR1873457", 9, "ERR1873469", 7, 0.2396768231793868, 0.8888888888888888, 1
"ERR1873473", 8, "ERR1873502", 9, 0.23967277075938836, 0.8888888888888888, 1
"ERR1873473", 8, "ERR1873519", 9, 0.2396723021959818, 0.8888888888888888, 1
"ERR1873454", 9, "ERR1873500", 8, 0.23966363695014578, 0.8888888888888888, 1
"ERR1873412", 9, "ERR1873469", 7, 0.23966344057225303, 0.8888888888888888, 1
"ERR1873440", 9, "ERR1873473", 8, 0.239660316647287, 0.8888888888888888, 1
"SRR3743408", 9, "SRR3743462", 6, 0.2396536953354962, 0.8888888888888888, 1
"ERR1873453", 9, "ERR1873500", 8, 0.23965110611336424, 0.8888888888888888, 1
"ERR1873519", 9, "ERR1873548", 8, 0.23963442977802898, 0.8888888888888888, 1
"ERR1873500", 8, "ERR1873530", 9, 0.23962971042229983, 0.8888888888888888, 1
"ERR1873473", 8, "ERR1873551", 9, 0.23962641105213883, 0.8888888888888888, 1
"SRR3743400", 8, "SRR5153925", 7, 0.23980932897753438, 0.875, 1
"SRR3743400", 8, "SRR5153919", 7, 0.23980892919390037, 0.875, 1
"SRR3544737", 7, "SRR5153232", 9, 0.23979623076803436, 0.875, 1
"12466-13", 7, "4245-13", 8, 0.23979611473820872, 0.875, 1
"SRR5153081", 7, "SRR5153232", 9, 0.23979330592008322, 0.875, 1
"12487-13", 7, "4245-13", 8, 0.2397912937466774, 0.875, 1
"SRR3743491", 7, "SRR5153910", 9, 0.23978538168247443, 0.875, 1
"1244-13", 7, "4245-13", 8, 0.23977367952320702, 0.875, 1
"SRR3743382", 7, "SRR5153910", 9, 0.2397708201055811, 0.875, 1
"4245-13", 8, "5887-13", 7, 0.23976486434102515, 0.875, 1
"SRR3743449", 7, "SRR5153910", 9, 0.2397519537252387, 0.875, 1
"ERR1873390", 8, "ERR1873399", 6, 0.23973470530484917, 0.875, 1
"SRR3743369", 8, "SRR3743416", 5, 0.23972505270910116, 0.875, 1
"ERR1873414", 8, "ERR1873478", 6, 0.23972329869375258, 0.875, 1
"ERR1873469", 7, "ERR1873484", 9, 0.23972047524032666, 0.875, 1
"SRR3743369", 8, "SRR5153887", 5, 0.2397171834917617, 0.875, 1
"ERR1873414", 8, "ERR1873415", 6, 0.23970205213328494, 0.875, 1
"SRR3743369", 8, "SRR5153906", 5, 0.2396890451201871, 0.875, 1
"SRR3743369", 8, "SRR5153902", 5, 0.23967071168624424, 0.875, 1
"SRR3743369", 8, "SRR5153865", 5, 0.2396672116370886, 0.875, 1
"SRR3743369", 8, "SRR5153828", 6, 0.23964867477467464, 0.875, 1
"SRR5153081", 7, "SRR5153424", 6, 0.239801858873127, 0.8571428571428571, 1
"SRR5153081", 7, "11883-13", 6, 0.2397989184102765, 0.8571428571428571, 1
"ERR1227527", 6, "ERR1227530", 7, 0.23979657971466514, 0.8571428571428571, 1
"SRR5153081", 7, "13344-13", 6, 0.23979213912407382, 0.8571428571428571, 1
"SRR3743382", 7, "SRR3743498", 7, 0.23979031769510287, 0.8571428571428571, 1
"SRR3743382", 7, "SRR3743484", 6, 0.2397842622955187, 0.8571428571428571, 1
"SRR3743491", 7, "SRR3743498", 7, 0.2397833602397687, 0.8571428571428571, 1
"SRR3743484", 6, "SRR3743491", 7, 0.23977861901745284, 0.8571428571428571, 1
"SRR3743449", 7, "SRR3743484", 6, 0.23976535502507576, 0.8571428571428571, 1
"SRR3743382", 7, "SRR3743479", 6, 0.239765084881389, 0.8571428571428571, 1
"SRR3743449", 7, "SRR3743498", 7, 0.23976454566231264, 0.8571428571428571, 1
"SRR3743479", 6, "SRR3743491", 7, 0.23975094466456118, 0.8571428571428571, 1
"SRR3743491", 7, "SRR5153917", 6, 0.23974949203192744, 0.8571428571428571, 1
"SRR3743491", 7, "SRR5153921", 6, 0.2397492936975964, 0.8571428571428571, 1
"SRR3743449", 7, "SRR3743479", 6, 0.23974571754611423, 0.8571428571428571, 1
"SRR3743403", 7, "SRR5163781", 6, 0.2397453653935294, 0.8571428571428571, 1
"SRR3743402", 6, "SRR3743403", 7, 0.23973644151040613, 0.8571428571428571, 1
"SRR3743382", 7, "SRR5153921", 6, 0.23973117034568772, 0.8571428571428571, 1
"SRR3743382", 7, "SRR5153917", 6, 0.23973098845442112, 0.8571428571428571, 1
"ERR1873399", 6, "ERR1873537", 9, 0.23972824739687276, 0.8571428571428571, 1
"SRR3743382", 7, "SRR5153333", 6, 0.23972155336861972, 0.8571428571428571, 1
"ERR1873399", 6, "ERR1873414", 8, 0.23971865345463333, 0.8571428571428571, 1
"ERR1161623", 6, "12466-13", 7, 0.2397185519005439, 0.8571428571428571, 1
"ERR1873478", 6, "ERR1873491", 8, 0.2397175166421616, 0.8571428571428571, 1
"SRR3743382", 7, "SRR5153854", 6, 0.2397164662959066, 0.8571428571428571, 1
"SRR3743449", 7, "SRR5153854", 6, 0.2397145962985666, 0.8571428571428571, 1
"SRR3743491", 7, "SRR5153333", 6, 0.23971370482419208, 0.8571428571428571, 1
"SRR3743491", 7, "SRR5153854", 6, 0.23971232457557576, 0.8571428571428571, 1
"ERR1873478", 6, "ERR1873501", 8, 0.23971208337381558, 0.8571428571428571, 1
"SRR3743449", 7, "SRR5153917", 6, 0.23971083897441037, 0.8571428571428571, 1
"ERR1873399", 6, "ERR1873403", 8, 0.23970643208653197, 0.8571428571428571, 1
"ERR1161623", 6, "12487-13", 7, 0.23970549041309422, 0.8571428571428571, 1
"ERR1873399", 6, "ERR1873491", 8, 0.23970466748209762, 0.8571428571428571, 1
"ERR1873399", 6, "ERR1873481", 8, 0.2397028167531523, 0.8571428571428571, 1
"SRR3743382", 7, "SRR3743398", 6, 0.23970122967036325, 0.8571428571428571, 1
"SRR3743449", 7, "SRR5153333", 6, 0.23969951311143717, 0.8571428571428571, 1
"ERR1873399", 6, "ERR1873501", 8, 0.23969851127920697, 0.8571428571428571, 1
"SRR3743398", 6, "SRR3743408", 9, 0.23969207450775618, 0.8571428571428571, 1
"SRR3743449", 7, "SRR5153921", 6, 0.23969171565947692, 0.8571428571428571, 1
"ERR1161623", 6, "1244-13", 7, 0.23969045281100113, 0.8571428571428571, 1
"SRR3743398", 6, "SRR3743491", 7, 0.2396671991194077, 0.8571428571428571, 1
"SRR3743382", 7, "SRR3743385", 6, 0.2396643861162127, 0.8571428571428571, 1
"SRR3743398", 6, "SRR3743449", 7, 0.23966249682019278, 0.8571428571428571, 1
"SRR3743378", 6, "SRR3743408", 9, 0.23966134288361918, 0.8571428571428571, 1
"SRR3743381", 6, "SRR3743382", 7, 0.2396606263299473, 0.8571428571428571, 1
"SRR3743385", 6, "SRR3743403", 7, 0.23965707945025788, 0.8571428571428571, 1
"ERR1664653", 6, "SRR3743378", 6, 0.23965399359828912, 0.8571428571428571, 1
"SRR3743378", 6, "SRR3743382", 7, 0.23965283693306225, 0.8571428571428571, 1
"SRR5153828", 6, "SRR5153854", 6, 0.2396512874387712, 0.8571428571428571, 1
"SRR3743381", 6, "SRR3743408", 9, 0.23965046699993672, 0.8571428571428571, 1
"SRR3743385", 6, "SRR3743408", 9, 0.2396495603217836, 0.8571428571428571, 1
"SRR3743385", 6, "SRR3743449", 7, 0.2396470059806943, 0.8571428571428571, 1
"SRR3743381", 6, "SRR3743449", 7, 0.23964611278470546, 0.8571428571428571, 1
"SRR3743382", 7, "SRR3743462", 6, 0.2396439861734789, 0.8571428571428571, 1
"SRR3743381", 6, "SRR3743491", 7, 0.23964374828132443, 0.8571428571428571, 1
"SRR3743378", 6, "SRR3743449", 7, 0.23964298334352535, 0.8571428571428571, 1
"SRR3743378", 6, "SRR3743491", 7, 0.23964249752459882, 0.8571428571428571, 1
"SRR3743402", 6, "SRR3743449", 7, 0.239641252678251, 0.8571428571428571, 1
"SRR3743484", 6, "SRR5153860", 7, 0.23963891154606637, 0.8571428571428571, 1
"SRR3743449", 7, "SRR3743462", 6, 0.2396386524907297, 0.8571428571428571, 1
"SRR3743382", 7, "SRR3743402", 6, 0.23963655242611503, 0.8571428571428571, 1
"SRR3743402", 6, "SRR3743408", 9, 0.23963462016690093, 0.8571428571428571, 1
"ERR1664653", 6, "SRR3743398", 6, 0.23963014212057043, 0.8571428571428571, 1
"SRR3743403", 7, "SRR5153333", 6, 0.23962734215577317, 0.8571428571428571, 1
"SRR3743385", 6, "SRR3743491", 7, 0.2396271247961865, 0.8571428571428571, 1
"SRR3743462", 6, "SRR3743491", 7, 0.23962639838874714, 0.8571428571428571, 1
"SRR3743382", 7, "SRR3743383", 6, 0.2396248605196261, 0.8571428571428571, 1
"SRR5153853", 6, "SRR5153926", 5, 0.23981275374339975, 0.8333333333333334, 1
"SRR3743488", 6, "SRR5153926", 5, 0.2398126098462131, 0.8333333333333334, 1
"SRR5153923", 6, "SRR5153926", 5, 0.2398121100485131, 0.8333333333333334, 1
"SRR5486879", 6, "SRR5486885", 5, 0.239805478297532, 0.8333333333333334, 1
"SRR3743416", 5, "SRR3743484", 6, 0.23977841714243273, 0.8333333333333334, 1
"SRR3743416", 5, "SRR3743479", 6, 0.23977558765599133, 0.8333333333333334, 1
"SRR5153333", 6, "SRR5153887", 5, 0.2397653634897434, 0.8333333333333334, 1
"SRR5153882", 5, "SRR5163781", 6, 0.23976087590387526, 0.8333333333333334, 1
"SRR3743398", 6, "SRR5153865", 5, 0.23975055396129533, 0.8333333333333334, 1
"SRR3743389", 6, "SRR5153828", 6, 0.23975041303862557, 0.8333333333333334, 1
"SRR3743402", 6, "SRR5153821", 5, 0.2397487477921605, 0.8333333333333334, 1
"SRR5153333", 6, "SRR5153865", 5, 0.2397487391354101, 0.8333333333333334, 1
"SRR3743462", 6, "SRR5153865", 5, 0.2397479314169102, 0.8333333333333334, 1
"SRR5153854", 6, "SRR5153887", 5, 0.2397477809144543, 0.8333333333333334, 1
"SRR3743416", 5, "SRR5153854", 6, 0.2397457151980627, 0.8333333333333334, 1
"SRR3743385", 6, "SRR5153865", 5, 0.23974552844039954, 0.8333333333333334, 1
"SRR5153821", 5, "SRR5163781", 6, 0.2397452054517727, 0.8333333333333334, 1
"SRR3743402", 6, "SRR5153906", 5, 0.23974487195720723, 0.8333333333333334, 1
"SRR3743479", 6, "SRR5153887", 5, 0.23974412797652064, 0.8333333333333334, 1
"SRR3743416", 5, "SRR5153333", 6, 0.23974216046466867, 0.8333333333333334, 1
"SRR3743402", 6, "SRR5153887", 5, 0.2397420885263594, 0.8333333333333334, 1
"SRR5153333", 6, "SRR5153906", 5, 0.23974067323843684, 0.8333333333333334, 1
"SRR3743416", 5, "SRR5153917", 6, 0.2397402597920299, 0.8333333333333334, 1
"SRR3743385", 6, "SRR5153887", 5, 0.2397399131549378, 0.8333333333333334, 1
"SRR3743383", 6, "SRR5153902", 5, 0.2397344069901755, 0.8333333333333334, 1
"SRR3743402", 6, "SRR5153882", 5, 0.23973374093224523, 0.8333333333333334, 1
"SRR3743416", 5, "SRR5153921", 6, 0.2397308149275898, 0.8333333333333334, 1
"SRR3743383", 6, "SRR5153865", 5, 0.23972894847483134, 0.8333333333333334, 1
"SRR3743479", 6, "SRR5153906", 5, 0.23972888382497193, 0.8333333333333334, 1
"SRR3743383", 6, "SRR5153887", 5, 0.23972563801225932, 0.8333333333333334, 1
"SRR5153333", 6, "SRR5153902", 5, 0.2397254754236215, 0.8333333333333334, 1
"SRR3743402", 6, "SRR5153827", 5, 0.23972324911984363, 0.8333333333333334, 1
"SRR3743381", 6, "SRR5153865", 5, 0.23972209986818832, 0.8333333333333334, 1
"SRR3743398", 6, "SRR5153902", 5, 0.23972177958113494, 0.8333333333333334, 1
"SRR3743402", 6, "SRR3743460", 5, 0.23972154690553515, 0.8333333333333334, 1
"SRR3743383", 6, "SRR5153827", 5, 0.23971996793392503, 0.8333333333333334, 1
"SRR5153854", 6, "SRR5153865", 5, 0.23971982018000312, 0.8333333333333334, 1
"SRR5153854", 6, "SRR5153906", 5, 0.23971933678169205, 0.8333333333333334, 1
"SRR3743383", 6, "SRR5153821", 5, 0.2397178356685576, 0.8333333333333334, 1
"SRR3743385", 6, "SRR5153902", 5, 0.23971731291685341, 0.8333333333333334, 1
"SRR3743381", 6, "SRR5153902", 5, 0.2397158115077848, 0.8333333333333334, 1
"SRR3743460", 5, "SRR5163781", 6, 0.23971357232979656, 0.8333333333333334, 1
"SRR3743484", 6, "SRR5153887", 5, 0.2397128893922325, 0.8333333333333334, 1
"SRR5153906", 5, "SRR5163781", 6, 0.23971240556075216, 0.8333333333333334, 1
"SRR3743402", 6, "SRR5153824", 5, 0.23971232562586545, 0.8333333333333334, 1
"SRR3743383", 6, "SRR5153906", 5, 0.23970689042624718, 0.8333333333333334, 1
"SRR5153827", 5, "SRR5153885", 6, 0.23970565627721924, 0.8333333333333334, 1
"SRR3743479", 6, "SRR5153865", 5, 0.23970534186513323, 0.8333333333333334, 1
"SRR3743462", 6, "SRR5153887", 5, 0.23970485151009965, 0.8333333333333334, 1
"SRR3743402", 6, "SRR5153865", 5, 0.23970401414593878, 0.8333333333333334, 1
"SRR3743378", 6, "SRR5153865", 5, 0.23970263270022968, 0.8333333333333334, 1
"SRR5153854", 6, "SRR5153902", 5, 0.23970256083612354, 0.8333333333333334, 1
"SRR3743385", 6, "SRR5153821", 5, 0.23970220416294213, 0.8333333333333334, 1
"SRR3743402", 6, "SRR5153902", 5, 0.23970162673063738, 0.8333333333333334, 1
"SRR5153827", 5, "SRR5163781", 6, 0.23970020834143196, 0.8333333333333334, 1
"SRR5153887", 5, "SRR5163781", 6, 0.23969946826058589, 0.8333333333333334, 1
"SRR3743402", 6, "SRR5153915", 5, 0.23969915605270858, 0.8333333333333334, 1
"SRR3743385", 6, "SRR5153827", 5, 0.23969865163450363, 0.8333333333333334, 1
"SRR3743398", 6, "SRR3743416", 5, 0.2396960396656976, 0.8333333333333334, 1
"SRR3743378", 6, "SRR5153902", 5, 0.239695323991677, 0.8333333333333334, 1
"SRR3743398", 6, "SRR5153887", 5, 0.23969518662545022, 0.8333333333333334, 1
"SRR3743385", 6, "SRR3743416", 5, 0.23969291062967782, 0.8333333333333334, 1
"SRR3743462", 6, "SRR5153906", 5, 0.2396926054569826, 0.8333333333333334, 1
"SRR5153333", 6, "SRR5153821", 5, 0.23968590062369274, 0.8333333333333334, 1
"SRR3743479", 6, "SRR5153902", 5, 0.23968500084974084, 0.8333333333333334, 1
"SRR3743381", 6, "SRR5153887", 5, 0.23968308371160318, 0.8333333333333334, 1
"SRR3743381", 6, "SRR3743416", 5, 0.23968231281749536, 0.8333333333333334, 1
"SRR3743398", 6, "SRR5153906", 5, 0.23968040009278604, 0.8333333333333334, 1
"SRR5153333", 6, "SRR5153828", 6, 0.23967603924227254, 0.8333333333333334, 1
"SRR5153333", 6, "SRR5153827", 5, 0.23967251899974545, 0.8333333333333334, 1
"SRR5153885", 6, "SRR5153906", 5, 0.23967135732226094, 0.8333333333333334, 1
"SRR3743378", 6, "10962-13", 5, 0.2396700550230266, 0.8333333333333334, 1
"SRR5153885", 6, "SRR5153887", 5, 0.2396687203025564, 0.8333333333333334, 1
"SRR3743484", 6, "SRR5153906", 5, 0.23966842969587332, 0.8333333333333334, 1
"SRR3743398", 6, "10962-13", 5, 0.23966791087774586, 0.8333333333333334, 1
"SRR3743381", 6, "SRR5153906", 5, 0.2396677864776828, 0.8333333333333334, 1
"SRR3743402", 6, "SRR3743416", 5, 0.23966765807913082, 0.8333333333333334, 1
"SRR3743416", 5, "SRR3743462", 6, 0.23966651866069444, 0.8333333333333334, 1
"SRR3743383", 6, "SRR3743460", 5, 0.2396640953147078, 0.8333333333333334, 1
"SRR3743383", 6, "SRR5153882", 5, 0.23966369358774317, 0.8333333333333334, 1
"SRR3743378", 6, "SRR5153887", 5, 0.23966135477091077, 0.8333333333333334, 1
"SRR3743484", 6, "SRR5153865", 5, 0.23966107737000042, 0.8333333333333334, 1
"SRR3743462", 6, "SRR5153821", 5, 0.2396602541146157, 0.8333333333333334, 1
"SRR3743378", 6, "SRR3743416", 5, 0.23965926357722073, 0.8333333333333334, 1
"SRR3743385", 6, "SRR5153882", 5, 0.23965543872438783, 0.8333333333333334, 1
"SRR3743484", 6, "10962-13", 5, 0.23965492010156808, 0.8333333333333334, 1
"SRR3743460", 5, "SRR5153333", 6, 0.23965376704466076, 0.8333333333333334, 1
"SRR3743383", 6, "SRR3743416", 5, 0.23964964255381346, 0.8333333333333334, 1
"SRR3743484", 6, "SRR5153902", 5, 0.2396462163012802, 0.8333333333333334, 1
"SRR3743479", 6, "SRR5153821", 5, 0.23964621070178097, 0.8333333333333334, 1
"SRR5153865", 5, "SRR5163781", 6, 0.23964374657339152, 0.8333333333333334, 1
"SRR5153333", 6, "SRR5153882", 5, 0.23964231107115808, 0.8333333333333334, 1
"SRR5153333", 6, "SRR5153877", 5, 0.23964200570985522, 0.8333333333333334, 1
"SRR3743381", 6, "SRR5153827", 5, 0.23964046379963416, 0.8333333333333334, 1
"SRR5153827", 5, "SRR5153854", 6, 0.2396395695436907, 0.8333333333333334, 1
"SRR3743462", 6, "SRR5153877", 5, 0.2396390727710282, 0.8333333333333334, 1
"SRR3743479", 6, "10962-13", 5, 0.23963797721953947, 0.8333333333333334, 1
"SRR5153917", 6, "10962-13", 5, 0.23963774444701494, 0.8333333333333334, 1
"SRR3743460", 5, "SRR3743479", 6, 0.23963756681677625, 0.8333333333333334, 1
"SRR3743381", 6, "10962-13", 5, 0.23963489095422424, 0.8333333333333334, 1
"SRR5153821", 5, "SRR5153854", 6, 0.23963458650358066, 0.8333333333333334, 1
"SRR3743405", 5, "SRR3743462", 6, 0.2396309212645212, 0.8333333333333334, 1
"SRR3743398", 6, "SRR5153827", 5, 0.23963082940634312, 0.8333333333333334, 1
"SRR5153902", 5, "SRR5163781", 6, 0.2396306137766285, 0.8333333333333334, 1
"SRR3743378", 6, "SRR5153906", 5, 0.239630200155227, 0.8333333333333334, 1
"SRR3743383", 6, "SRR5153915", 5, 0.23962933682691687, 0.8333333333333334, 1
"SRR5153921", 6, "10962-13", 5, 0.23962731215880934, 0.8333333333333334, 1
"SRR5153865", 5, "SRR5153885", 6, 0.23962708558235907, 0.8333333333333334, 1
"SRR3743479", 6, "SRR5153828", 6, 0.23962706520807622, 0.8333333333333334, 1
"SRR3743405", 5, "SRR3743479", 6, 0.2396247339353223, 0.8333333333333334, 1
"SRR3743479", 6, "SRR5153827", 5, 0.23962226815139342, 0.8333333333333334, 1
"SRR3743383", 6, "SRR5153824", 5, 0.2396216483696411, 0.8333333333333334, 1
"SRR3743381", 6, "SRR5153821", 5, 0.23962149845441563, 0.8333333333333334, 1
"SRR5153885", 6, "SRR5153902", 5, 0.2396211457858128, 0.8333333333333334, 1
"ERR1873457", 9, "ERR1873471", 11, 0.23979063971082493, 0.8181818181818182, 2
"SRR3743408", 9, "SRR3743480", 9, 0.23978983743556692, 0.8181818181818182, 2
"ERR1873450", 9, "ERR1873471", 11, 0.2397896215176369, 0.8181818181818182, 2
"ERR1873429", 10, "ERR1873498", 10, 0.23978388516376092, 0.8181818181818182, 2
"ERR1873430", 10, "ERR1873498", 10, 0.2397744193820682, 0.8181818181818182, 2
"ERR1873498", 10, "ERR1873503", 10, 0.23977419062880712, 0.8181818181818182, 2
"ERR1873537", 9, "ERR1873558", 10, 0.23976716680205348, 0.8181818181818182, 2
"ERR1873455", 10, "ERR1873499", 9, 0.2397647652819624, 0.8181818181818182, 2
"ERR1873498", 10, "ERR1873523", 10, 0.23976188002653145, 0.8181818181818182, 2
"ERR1633796", 9, "ERR1873510", 11, 0.23976134568361415, 0.8181818181818182, 2
"ERR1873498", 10, "ERR1873553", 10, 0.2397604766381592, 0.8181818181818182, 2
"ERR1873471", 11, "ERR1873484", 9, 0.2397592543841966, 0.8181818181818182, 2
"ERR1873423", 10, "ERR1873558", 10, 0.23975544982929167, 0.8181818181818182, 2
"ERR1873498", 10, "ERR1873514", 10, 0.23974884625610166, 0.8181818181818182, 2
"ERR1873397", 10, "ERR1873498", 10, 0.23974161581620101, 0.8181818181818182, 2
"ERR1873422", 10, "ERR1873498", 10, 0.2397299444816771, 0.8181818181818182, 2
"ERR1873498", 10, "ERR1873521", 10, 0.23971825164564803, 0.8181818181818182, 2
"ERR1873496", 10, "ERR1873498", 10, 0.23971405061041978, 0.8181818181818182, 2
"ERR1873490", 10, "ERR1873498", 10, 0.23970858286172822, 0.8181818181818182, 2
"ERR1873498", 10, "ERR1873529", 10, 0.23970854304407666, 0.8181818181818182, 2
"ERR1873395", 10, "ERR1873498", 10, 0.23970777665882056, 0.8181818181818182, 2
"ERR1873421", 10, "ERR1873498", 10, 0.23970498010382396, 0.8181818181818182, 2
"ERR1873494", 11, "ERR1873533", 9, 0.2397030453997494, 0.8181818181818182, 2
"ERR1873498", 10, "ERR1873542", 10, 0.239702856684714, 0.8181818181818182, 2
"ERR1873426", 10, "ERR1873498", 10, 0.23970197429496382, 0.8181818181818182, 2
"ERR1873510", 11, "ERR1873533", 9, 0.2396991324979376, 0.8181818181818182, 2
"ERR1873498", 10, "ERR1873538", 10, 0.23967600769922817, 0.8181818181818182, 2
"ERR1633796", 9, "ERR1873494", 11, 0.2396722910950759, 0.8181818181818182, 2
"ERR1873480", 10, "ERR1873498", 10, 0.2396510440578745, 0.8181818181818182, 2
"ERR1873498", 10, "ERR1873536", 10, 0.2396335353060496, 0.8181818181818182, 2
"SRR2993039", 8, "SRR5153707", 10, 0.23981182044193436, 0.8, 2
"SRR2993037", 8, "SRR5153707", 10, 0.23981154136859603, 0.8, 2
"SRR2993037", 8, "SRR5153708", 10, 0.2398106997554575, 0.8, 2
"SRR2993039", 8, "SRR5153708", 10, 0.2398105552365877, 0.8, 2
"ERR1873484", 9, "ERR1873499", 9, 0.23979287955420242, 0.8, 2
"ERR1873413", 10, "ERR1873491", 8, 0.239778728306324, 0.8, 2
"ERR1873457", 9, "ERR1873499", 9, 0.23977409204708414, 0.8, 2
"ERR1873450", 9, "ERR1873499", 9, 0.2397692340153539, 0.8, 2
"ERR1873390", 8, "ERR1873558", 10, 0.23976822325195482, 0.8, 2
"ERR1873491", 8, "ERR1873558", 10, 0.23976804775117436, 0.8, 2
"ERR1873413", 10, "ERR1873414", 8, 0.2397636049056695, 0.8, 2
"ERR1873414", 8, "ERR1873423", 10, 0.23976308663155918, 0.8, 2
"ERR1873423", 10, "ERR1873559", 9, 0.23975953312771275, 0.8, 2
"ERR1873455", 10, "ERR1873478", 6, 0.2397394689994929, 0.8, 2
"ERR1873416", 8, "ERR1873558", 10, 0.23973394831852524, 0.8, 2
"ERR1873489", 10, "ERR1873500", 8, 0.2397269315110226, 0.8, 2
"SRR3743369", 8, "SRR3743394", 9, 0.2397268921375616, 0.8, 2
"ERR1873473", 8, "ERR1873489", 10, 0.23972371040547238, 0.8, 2
"SRR5153092", 10, "SRR5153331", 8, 0.23971730912173037, 0.8, 2
"SRR3743369", 8, "SRR5153910", 9, 0.23971255863958082, 0.8, 2
"ERR1873489", 10, "ERR1873548", 8, 0.23969826737827707, 0.8, 2
"ERR1873434", 9, "ERR1873502", 9, 0.2396979086982266, 0.8, 2
"ERR1873473", 8, "ERR1873524", 10, 0.23969431570476812, 0.8, 2
"SRR5152897", 8, "SRR5153092", 10, 0.2396887498089239, 0.8, 2
"ERR1873502", 9, "ERR1873530", 9, 0.2396814127848675, 0.8, 2
"ERR1873500", 8, "ERR1873516", 10, 0.2396660782514939, 0.8, 2
"ERR1873413", 10, "ERR1873469", 7, 0.23965421485828026, 0.8, 2
"ERR1873423", 10, "ERR1873469", 7, 0.23965180978363151, 0.8, 2
"SRR3724662", 4, "SRR3724803", 6, 0.23980045598512922, 0.8, 1
"SRR3743394", 9, "SRR3743484", 6, 0.23980267383629636, 0.7777777777777778, 2
"SRR5153232", 9, "SRR5153424", 6, 0.2397986480430482, 0.7777777777777778, 2
"SRR5153232", 9, "11883-13", 6, 0.23979676371912112, 0.7777777777777778, 2
"SRR3743480", 9, "SRR3743491", 7, 0.2397856262035655, 0.7777777777777778, 2
"SRR3743382", 7, "SRR3743480", 9, 0.23978268957177912, 0.7777777777777778, 2
"ERR1633964", 7, "ERR1873451", 11, 0.2397811483611108, 0.7777777777777778, 2
"SRR3743498", 7, "SRR5153910", 9, 0.23977859770054985, 0.7777777777777778, 2
"SRR3743394", 9, "SRR3743498", 7, 0.23977401388738784, 0.7777777777777778, 2
"SRR3743449", 7, "SRR3743480", 9, 0.2397677133199595, 0.7777777777777778, 2
"SRR3743394", 9, "SRR3743479", 6, 0.23976248620921325, 0.7777777777777778, 2
"ERR1873450", 9, "ERR1873478", 6, 0.23975931796012878, 0.7777777777777778, 2
"SRR5153910", 9, "SRR5153917", 6, 0.23975813603545584, 0.7777777777777778, 2
"SRR3743394", 9, "SRR5153921", 6, 0.23975601101231603, 0.7777777777777778, 2
"SRR3743394", 9, "SRR5153917", 6, 0.23975589398978206, 0.7777777777777778, 2
"ERR1873457", 9, "ERR1873478", 6, 0.23975437973271943, 0.7777777777777778, 2
"SRR5153910", 9, "SRR5153921", 6, 0.23975117717982578, 0.7777777777777778, 2
"ERR1633964", 7, "ERR1873484", 9, 0.23974309308632108, 0.7777777777777778, 2
"ERR1873414", 8, "ERR1873416", 8, 0.23973970216859092, 0.7777777777777778, 2
"SRR3743369", 8, "SRR5153333", 6, 0.23973399890479044, 0.7777777777777778, 2
"SRR5153087", 9, "5366-12", 7, 0.2397330537763305, 0.7777777777777778, 2
"SRR5153825", 9, "5366-12", 7, 0.2397300387313789, 0.7777777777777778, 2
"SRR3743394", 9, "SRR5153854", 6, 0.23972755362193632, 0.7777777777777778, 2
"SRR3743408", 9, "SRR5153333", 6, 0.23972202695122183, 0.7777777777777778, 2
"ERR1633964", 7, "ERR1873559", 9, 0.2397192599552198, 0.7777777777777778, 2
"SRR3743394", 9, "SRR3743398", 6, 0.23969397629543285, 0.7777777777777778, 2
"ERR1873469", 7, "ERR1873558", 10, 0.23968987065358913, 0.7777777777777778, 2
"ERR1873414", 8, "ERR1873469", 7, 0.2396896571758203, 0.7777777777777778, 2
"ERR1873473", 8, "ERR1873493", 8, 0.2396875707659442, 0.7777777777777778, 2
"ERR1873390", 8, "ERR1873469", 7, 0.23968106698607805, 0.7777777777777778, 2
"ERR1873431", 8, "ERR1873469", 7, 0.23966951047948373, 0.7777777777777778, 2
"ERR1873416", 8, "ERR1873469", 7, 0.23966328686732896, 0.7777777777777778, 2
"SRR3743394", 9, "SRR3743462", 6, 0.2396581911558137, 0.7777777777777778, 2
"ERR1873403", 8, "ERR1873469", 7, 0.23964354697313472, 0.7777777777777778, 2
"SRR3743394", 9, "SRR3743402", 6, 0.2396399769030836, 0.7777777777777778, 2
"ERR1873471", 11, "ERR1873558", 10, 0.23975751671240203, 0.75, 3
"ERR1873436", 11, "ERR1873498", 10, 0.23975275138648353, 0.75, 3
"ERR1873486", 10, "ERR1873494", 11, 0.23969720897574692, 0.75, 3
"ERR1633796", 9, "ERR1873547", 12, 0.2396322458511707, 0.75, 3
"SRR3743404", 8, "SRR3743488", 6, 0.23981251092572606, 0.75, 2
"SRR3743404", 8, "SRR5153853", 6, 0.23981120214306922, 0.75, 2
"SRR3743404", 8, "SRR5153923", 6, 0.23981053588597023, 0.75, 2
"SRR5153256", 8, "11883-13", 6, 0.23980084604617938, 0.75, 2
"SRR5153256", 8, "13344-13", 6, 0.2397997614003958, 0.75, 2
"SRR3743484", 6, "SRR5153910", 9, 0.23978395361521768, 0.75, 2
"ERR1161623", 6, "4245-13", 8, 0.23976189643826012, 0.75, 2
"ERR1873479", 6, "ERR1873499", 9, 0.23975701531324622, 0.75, 2
"SRR3743479", 6, "SRR5153910", 9, 0.23975567601329945, 0.75, 2
"ERR1873399", 6, "ERR1873484", 9, 0.23975441206016956, 0.75, 2
"ERR1873478", 6, "ERR1873484", 9, 0.23974305635579118, 0.75, 2
"ERR1873399", 6, "ERR1873450", 9, 0.23973736201913115, 0.75, 2
"ERR1873478", 6, "ERR1873499", 9, 0.2397354000478063, 0.75, 2
"ERR1873399", 6, "ERR1873499", 9, 0.2397311514447342, 0.75, 2
"ERR1161624", 7, "12466-13", 7, 0.239725655327601, 0.75, 2
"ERR1873399", 6, "ERR1873455", 10, 0.23971999540656672, 0.75, 2
"ERR1161624", 7, "12487-13", 7, 0.23971373632051388, 0.75, 2
"ERR1873415", 6, "ERR1873484", 9, 0.2397129474873298, 0.75, 2
"ERR1873415", 6, "ERR1873499", 9, 0.23970070742472907, 0.75, 2
"SRR5153854", 6, "SRR5153910", 9, 0.23969951589409846, 0.75, 2
"ERR1161624", 7, "1244-13", 7, 0.2396934233863434, 0.75, 2
"SRR3743381", 6, "SRR3743394", 9, 0.23967630636103743, 0.75, 2
"SRR3743378", 6, "SRR3743394", 9, 0.23967183315447962, 0.75, 2
"SRR3743398", 6, "SRR5153910", 9, 0.239669805819986, 0.75, 2
"ERR1873469", 7, "ERR1873537", 9, 0.23966802160801381, 0.75, 2
"SRR3743385", 6, "SRR3743394", 9, 0.23966192714369636, 0.75, 2
"ERR1873469", 7, "ERR1873481", 8, 0.2396526973757837, 0.75, 2
"ERR1873469", 7, "ERR1873501", 8, 0.2396502439773413, 0.75, 2
"ERR1873469", 7, "ERR1873491", 8, 0.23964944964725796, 0.75, 2
"SRR3743378", 6, "SRR5153910", 9, 0.239643790335627, 0.75, 2
"SRR3743381", 6, "SRR5153910", 9, 0.23964085332840304, 0.75, 2
"SRR3743385", 6, "SRR5153910", 9, 0.23964065592088127, 0.75, 2
"ERR1873469", 7, "ERR1873559", 9, 0.23962738056371757, 0.75, 2
"ERR1873451", 11, "ERR1873537", 9, 0.23978402959019468, 0.7272727272727273, 3
"ERR1873423", 10, "ERR1873499", 9, 0.23977332858206898, 0.7272727272727273, 3
"ERR1873451", 11, "ERR1873501", 8, 0.2397696358971523, 0.7272727272727273, 3
"ERR1873414", 8, "ERR1873471", 11, 0.23976562402661697, 0.7272727272727273, 3
"ERR1873414", 8, "ERR1873451", 11, 0.23976493631605927, 0.7272727272727273, 3
"SRR3743369", 8, "SRR3743480", 9, 0.23972992364861345, 0.7272727272727273, 3
"SRR5153087", 9, "SRR5153611", 8, 0.23972118391724406, 0.7272727272727273, 3
"ERR1873471", 11, "ERR1873487", 7, 0.2397173713594094, 0.7272727272727273, 3
"SRR5153834", 7, "SRR5153926", 5, 0.2398135544112629, 0.7142857142857143, 2
"SRR3743382", 7, "SRR3743416", 5, 0.2397784509487725, 0.7142857142857143, 2
"SRR3743416", 5, "SRR3743491", 7, 0.23977788641065784, 0.7142857142857143, 2
"SRR3743416", 5, "SRR3743498", 7, 0.23977725784089518, 0.7142857142857143, 2
"ERR1873399", 6, "ERR1873479", 6, 0.23977614529085545, 0.7142857142857143, 2
"SRR3743416", 5, "SRR3743449", 7, 0.2397671077828309, 0.7142857142857143, 2
"SRR3743459", 7, "SRR5153828", 6, 0.23976319518958475, 0.7142857142857143, 2
"SRR5152898", 6, "SRR5152937", 6, 0.2397591210242271, 0.7142857142857143, 2
"SRR5153333", 6, "SRR5153854", 6, 0.2397574237223951, 0.7142857142857143, 2
"SRR3743403", 7, "SRR5153821", 5, 0.23975741201056777, 0.7142857142857143, 2
"ERR1873478", 6, "ERR1873479", 6, 0.23975355050505678, 0.7142857142857143, 2
"SRR3743403", 7, "SRR5153882", 5, 0.2397377348115887, 0.7142857142857143, 2
"SRR3743479", 6, "SRR5153333", 6, 0.23973763090672956, 0.7142857142857143, 2
"SRR3743403", 7, "SRR5153827", 5, 0.2397303328186356, 0.7142857142857143, 2
"SRR3743403", 7, "SRR3743460", 5, 0.23972781820362635, 0.7142857142857143, 2
"SRR3743398", 6, "SRR5153333", 6, 0.23971851336724517, 0.7142857142857143, 2
"SRR3743484", 6, "SRR5153333", 6, 0.23971748959765643, 0.7142857142857143, 2
"SRR3743385", 6, "SRR5153333", 6, 0.23971685033430892, 0.7142857142857143, 2
"SRR3743382", 7, "SRR5153887", 5, 0.23971623890400853, 0.7142857142857143, 2
"SRR3743449", 7, "SRR5153887", 5, 0.23971169769186587, 0.7142857142857143, 2
"SRR3743402", 6, "SRR5153333", 6, 0.2397093662321634, 0.7142857142857143, 2
"SRR3743403", 7, "SRR5153906", 5, 0.23970676487411757, 0.7142857142857143, 2
"SRR3743462", 6, "SRR5153333", 6, 0.23970578025835995, 0.7142857142857143, 2
"SRR3743381", 6, "SRR5153333", 6, 0.2397017277842557, 0.7142857142857143, 2
"SRR3743403", 7, "SRR5153887", 5, 0.23970154774996702, 0.7142857142857143, 2
"SRR3743491", 7, "SRR5153887", 5, 0.23969989777208084, 0.7142857142857143, 2
"SRR3743498", 7, "SRR5153887", 5, 0.2396945571200006, 0.7142857142857143, 2
"SRR3743383", 6, "SRR5153333", 6, 0.23968592516525783, 0.7142857142857143, 2
"SRR3743382", 7, "SRR5153906", 5, 0.23968416071043847, 0.7142857142857143, 2
"SRR3743378", 6, "SRR5153333", 6, 0.23968009865901535, 0.7142857142857143, 2
"SRR3743449", 7, "SRR5153906", 5, 0.2396703992604037, 0.7142857142857143, 2
"SRR3743382", 7, "SRR5153865", 5, 0.2396677499282705, 0.7142857142857143, 2
"SRR3743403", 7, "SRR5153902", 5, 0.2396664226640196, 0.7142857142857143, 2
"SRR5153878", 7, "SRR5153887", 5, 0.23966424809430625, 0.7142857142857143, 2
"SRR3743403", 7, "SRR5153865", 5, 0.23966312235094814, 0.7142857142857143, 2
"SRR3743491", 7, "SRR5153906", 5, 0.23966143651022634, 0.7142857142857143, 2
"SRR5153878", 7, "SRR5153906", 5, 0.23966110642155408, 0.7142857142857143, 2
"SRR3743498", 7, "SRR5153906", 5, 0.23965872815512598, 0.7142857142857143, 2
"SRR3743498", 7, "10962-13", 5, 0.23965506491678445, 0.7142857142857143, 2
"SRR3743382", 7, "SRR5153902", 5, 0.23965402467429742, 0.7142857142857143, 2
"SRR3743449", 7, "SRR5153865", 5, 0.23964938317356152, 0.7142857142857143, 2
"SRR3743449", 7, "SRR5153902", 5, 0.23964259370609364, 0.7142857142857143, 2
"SRR3743498", 7, "SRR5153865", 5, 0.23964039708158624, 0.7142857142857143, 2
"SRR5153333", 6, "SRR5163781", 6, 0.23963951231142624, 0.7142857142857143, 2
"SRR3743491", 7, "10962-13", 5, 0.23963913402787174, 0.7142857142857143, 2
"SRR3743382", 7, "10962-13", 5, 0.23963582888891877, 0.7142857142857143, 2
"SRR5152898", 6, "SRR5153208", 6, 0.23963522873686277, 0.7142857142857143, 2
"SRR3743498", 7, "SRR5153902", 5, 0.2396310223378869, 0.7142857142857143, 2
"SRR3743491", 7, "SRR5153865", 5, 0.23963008905983976, 0.7142857142857143, 2
"SRR3743491", 7, "SRR5153902", 5, 0.23962448157145314, 0.7142857142857143, 2
"SRR5153333", 6, "SRR5153917", 6, 0.23962305941467224, 0.7142857142857143, 2
"SRR3743480", 9, "SRR5153910", 9, 0.23978739078285402, 0.7, 3
"SRR3743394", 9, "SRR3743491", 7, 0.239786515966031, 0.7, 3
"ERR1633956", 8, "ERR1873451", 11, 0.23978098304146364, 0.7, 3
"SRR3743394", 9, "SRR3743408", 9, 0.23977963767434046, 0.7, 3
"ERR1633956", 8, "ERR1873457", 9, 0.2397780034159355, 0.7, 3
"ERR1633956", 8, "ERR1873484", 9, 0.23977149608676057, 0.7, 3
"ERR1873537", 9, "ERR1873559", 9, 0.23976897857530288, 0.7, 3
"SRR3743394", 9, "SRR3743449", 7, 0.23976216924600074, 0.7, 3
"ERR1873499", 9, "ERR1873559", 9, 0.2397590060305391, 0.7, 3
"ERR1633964", 7, "ERR1873413", 10, 0.23975698698000142, 0.7, 3
"ERR1633956", 8, "ERR1873559", 9, 0.23974129208049869, 0.7, 3
"ERR1873423", 10, "ERR1873478", 6, 0.2397407174781452, 0.7, 3
"ERR1633964", 7, "ERR1873558", 10, 0.23972463031533023, 0.7, 3
"ERR1873440", 9, "ERR1873493", 8, 0.23970425089067002, 0.7, 3
"ERR1873413", 10, "ERR1873479", 6, 0.23969637856711667, 0.7, 3
"ERR1873469", 7, "ERR1873471", 11, 0.2396674130875145, 0.7, 3
"ERR1873451", 11, "ERR1873499", 9, 0.23977369433812804, 0.6666666666666666, 4
"ERR1873471", 11, "ERR1873499", 9, 0.23977306451254302, 0.6666666666666666, 4
"SRR3743404", 8, "SRR5153834", 7, 0.23981155355441533, 0.6666666666666666, 3
"SRR3743480", 9, "SRR3743484", 6, 0.23978641913378573, 0.6666666666666666, 3
"SRR3743480", 9, "SRR3743498", 7, 0.23978567610570972, 0.6666666666666666, 3
"SRR3743394", 9, "SRR3743416", 5, 0.23978027666851448, 0.6666666666666666, 3
"SRR3743479", 6, "SRR3743480", 9, 0.23977866596135647, 0.6666666666666666, 3
"ERR1633964", 7, "ERR1873390", 8, 0.23977597054056798, 0.6666666666666666, 3
"SRR3743382", 7, "SRR3743394", 9, 0.23977515334059565, 0.6666666666666666, 3
"SRR3743408", 9, "SRR3743416", 5, 0.23976871388716903, 0.6666666666666666, 3
"ERR1161624", 7, "4245-13", 8, 0.23976216402948958, 0.6666666666666666, 3
"ERR1633964", 7, "ERR1873491", 8, 0.23975717087132695, 0.6666666666666666, 3
"SRR3743480", 9, "SRR5153917", 6, 0.23975533104976568, 0.6666666666666666, 3
"ERR1873414", 8, "ERR1873479", 6, 0.23975423860401096, 0.6666666666666666, 3
"ERR1873479", 6, "ERR1873558", 10, 0.23974829412991341, 0.6666666666666666, 3
"SRR3743480", 9, "SRR5153921", 6, 0.23974687247286078, 0.6666666666666666, 3
"ERR1633964", 7, "ERR1873501", 8, 0.2397438071958193, 0.6666666666666666, 3
"ERR1633964", 7, "ERR1873414", 8, 0.23973830856960826, 0.6666666666666666, 3
"SRR3743480", 9, "SRR5153333", 6, 0.23973256510693, 0.6666666666666666, 3
"SRR3743480", 9, "SRR5153854", 6, 0.2397305169369487, 0.6666666666666666, 3
"ERR1873390", 8, "ERR1873479", 6, 0.23972521997827137, 0.6666666666666666, 3
"SRR5153611", 8, "SRR5153825", 9, 0.23972229583983068, 0.6666666666666666, 3
"ERR1873478", 6, "ERR1873558", 10, 0.23972127004555496, 0.6666666666666666, 3
"ERR1873399", 6, "ERR1873558", 10, 0.23971817786536845, 0.6666666666666666, 3
"SRR3743408", 9, "SRR5153887", 5, 0.23971721655669304, 0.6666666666666666, 3
"ERR1873399", 6, "ERR1873423", 10, 0.2397157108446489, 0.6666666666666666, 3
"SRR3743394", 9, "SRR5153887", 5, 0.23971379043700233, 0.6666666666666666, 3
"ERR1873399", 6, "ERR1873413", 10, 0.23971338947885498, 0.6666666666666666, 3
"SRR5153333", 6, "SRR5153910", 9, 0.23970907113129558, 0.6666666666666666, 3
"ERR1873469", 7, "ERR1873499", 9, 0.23969749741882582, 0.6666666666666666, 3
"ERR1633964", 7, "ERR1873469", 7, 0.23969584192625293, 0.6666666666666666, 3
"ERR1873415", 6, "ERR1873558", 10, 0.23969082571847758, 0.6666666666666666, 3
"ERR1873403", 8, "ERR1873479", 6, 0.23968625520865508, 0.6666666666666666, 3
"SRR3743408", 9, "SRR5153906", 5, 0.2396836335787412, 0.6666666666666666, 3
"SRR3743398", 6, "SRR3743480", 9, 0.23968358627588274, 0.6666666666666666, 3
"SRR3743381", 6, "SRR3743480", 9, 0.23967514594400624, 0.6666666666666666, 3
"SRR3743394", 9, "SRR5153906", 5, 0.23966844121465428, 0.6666666666666666, 3
"SRR3743378", 6, "SRR3743480", 9, 0.23966646039286826, 0.6666666666666666, 3
"SRR3743394", 9, "10962-13", 5, 0.2396663352312781, 0.6666666666666666, 3
"SRR3743408", 9, "SRR5153865", 5, 0.23966450626828886, 0.6666666666666666, 3
"SRR3743385", 6, "SRR3743480", 9, 0.23966449580321456, 0.6666666666666666, 3
"SRR3743394", 9, "SRR5153865", 5, 0.23966019928378288, 0.6666666666666666, 3
"SRR3743462", 6, "SRR3743480", 9, 0.23965793027231996, 0.6666666666666666, 3
"SRR3743394", 9, "SRR5153902", 5, 0.2396554647807997, 0.6666666666666666, 3
"SRR3743408", 9, "SRR5153902", 5, 0.239654036221907, 0.6666666666666666, 3
"SRR3743408", 9, "10962-13", 5, 0.23964491261913143, 0.6666666666666666, 3
"SRR3743402", 6, "SRR3743480", 9, 0.23964223609309887, 0.6666666666666666, 3
"SRR3743383", 6, "SRR3743480", 9, 0.23962176863381263, 0.6666666666666666, 3
"SRR5153709", 5, "SRR5153712", 5, 0.23972738774449087, 0.6666666666666666, 2
"SRR5153600", 5, "SRR5153709", 5, 0.2397248157257693, 0.6666666666666666, 2
"SRR3743394", 9, "SRR5153910", 9, 0.2397813810089136, 0.6363636363636364, 4
"ERR1873451", 11, "ERR1873478", 6, 0.23976741286639802, 0.6363636363636364, 4
"ERR1633956", 8, "ERR1873558", 10, 0.23976692333742744, 0.6363636363636364, 4
"ERR1633956", 8, "ERR1873413", 10, 0.23976287650289266, 0.6363636363636364, 4
"ERR1873471", 11, "ERR1873478", 6, 0.23974814429443797, 0.6363636363636364, 4
"ERR1873455", 10, "ERR1873479", 6, 0.2397113390291976, 0.6363636363636364, 4
"ERR1873423", 10, "ERR1873487", 7, 0.2397096833289062, 0.6363636363636364, 4
"SRR5153834", 7, "SRR5153853", 6, 0.23981251490869782, 0.625, 3
"SRR3743488", 6, "SRR5153834", 7, 0.23981251185433158, 0.625, 3
"SRR5153834", 7, "SRR5153923", 6, 0.239811180227087, 0.625, 3
"SRR3743404", 8, "SRR5153926", 5, 0.23981020245589618, 0.625, 3
"ERR1873469", 7, "ERR1873479", 6, 0.23977742364086715, 0.625, 3
"SRR5152898", 6, "SRR5153254", 7, 0.23976497005558406, 0.625, 3
"SRR5153611", 8, "5366-12", 7, 0.23976344939986882, 0.625, 3
"ERR1873479", 6, "ERR1873537", 9, 0.23971927955900804, 0.625, 3
"ERR1873479", 6, "ERR1873501", 8, 0.23970859860153082, 0.625, 3
"SRR3743498", 7, "SRR5153333", 6, 0.23970755861980939, 0.625, 3
"ERR1873479", 6, "ERR1873491", 8, 0.23970718390318188, 0.625, 3
"ERR1873479", 6, "ERR1873481", 8, 0.23969960644790997, 0.625, 3
"ERR1873478", 6, "ERR1873559", 9, 0.23968963067093343, 0.625, 3
"ERR1873399", 6, "ERR1873559", 9, 0.23967938412844556, 0.625, 3
"SRR3743383", 6, "SRR5153878", 7, 0.23964843415529982, 0.625, 3
"ERR1873451", 11, "ERR1873487", 7, 0.23973062589208952, 0.6153846153846154, 5
"ERR1633956", 8, "ERR1873491", 8, 0.2397798356988706, 0.6, 4
"ERR1633956", 8, "ERR1873390", 8, 0.23977856832122427, 0.6, 4
"ERR1633956", 8, "ERR1873501", 8, 0.23976838668738576, 0.6, 4
"ERR1633956", 8, "ERR1873414", 8, 0.23976632978416124, 0.6, 4
"ERR1633956", 8, "ERR1873487", 7, 0.23975134167611284, 0.6, 4
"ERR1633964", 7, "ERR1873499", 9, 0.23974659070535473, 0.6, 4
"ERR1873450", 9, "ERR1873479", 6, 0.2397335514255885, 0.6, 4
"ERR1873399", 6, "ERR1873471", 11, 0.2397216872833333, 0.6, 4
"ERR1873457", 9, "ERR1873479", 6, 0.2397207503813331, 0.6, 4
"SRR3743394", 9, "SRR5153333", 6, 0.23971473426495848, 0.6, 4
"ERR1633956", 8, "ERR1873469", 7, 0.23970400057977684, 0.6, 4
"ERR1873412", 9, "ERR1873479", 6, 0.23969768220717852, 0.6, 4
"ERR1873416", 8, "ERR1873487", 7, 0.239685524474017, 0.6, 4
"SRR5153208", 6, "SRR5153709", 5, 0.2397557530761858, 0.5714285714285714, 3
"SRR5152898", 6, "SRR5153709", 5, 0.23964575382681713, 0.5714285714285714, 3
"SRR3743407", 8, "SRR5153911", 6, 0.23980822921076636, 0.5555555555555556, 4
"SRR3743416", 5, "SRR3743480", 9, 0.23978691649437595, 0.5555555555555556, 4
"SRR3743416", 5, "SRR5153910", 9, 0.2397829437500625, 0.5555555555555556, 4
"ERR1873469", 7, "ERR1873487", 7, 0.2397826701193688, 0.5555555555555556, 4
"ERR1873479", 6, "ERR1873484", 9, 0.23977583404150285, 0.5555555555555556, 4
"ERR1633964", 7, "ERR1873399", 6, 0.23975132085883025, 0.5555555555555556, 4
"SRR3743480", 9, "SRR5153887", 5, 0.2397255577825899, 0.5555555555555556, 4
"SRR5153887", 5, "SRR5153910", 9, 0.2396991907877685, 0.5555555555555556, 4
"SRR3743480", 9, "SRR5153906", 5, 0.23969041529777252, 0.5555555555555556, 4
"ERR1873487", 7, "ERR1873559", 9, 0.2396842627461912, 0.5555555555555556, 4
"SRR3743480", 9, "SRR5153865", 5, 0.23967563942857692, 0.5555555555555556, 4
"SRR5153906", 5, "SRR5153910", 9, 0.23966770653608052, 0.5555555555555556, 4
"SRR3743480", 9, "SRR5153902", 5, 0.23966650973859402, 0.5555555555555556, 4
"SRR3743480", 9, "10962-13", 5, 0.23964964753438042, 0.5555555555555556, 4
"SRR5153865", 5, "SRR5153910", 9, 0.23963547331983964, 0.5555555555555556, 4
"SRR5153902", 5, "SRR5153910", 9, 0.23963004961895953, 0.5555555555555556, 4
"SRR3743480", 9, "SRR5153828", 6, 0.23962999034360438, 0.5555555555555556, 4
"SRR5153910", 9, "10962-13", 5, 0.2396246892520701, 0.5555555555555556, 4
"ERR1633956", 8, "ERR1873537", 9, 0.23978532066627722, 0.5454545454545454, 5
"ERR1633956", 8, "ERR1873499", 9, 0.23978011099660348, 0.5454545454545454, 5
"ERR1873484", 9, "ERR1873487", 7, 0.23976781009349846, 0.5454545454545454, 5
"ERR1873450", 9, "ERR1873487", 7, 0.23972573733294275, 0.5454545454545454, 5
"ERR1873457", 9, "ERR1873487", 7, 0.23971430213292694, 0.5454545454545454, 5
"ERR1873423", 10, "ERR1873479", 6, 0.23971318545095202, 0.5454545454545454, 5
"ERR1873412", 9, "ERR1873487", 7, 0.23968876686336024, 0.5454545454545454, 5
"ERR1873451", 11, "ERR1873479", 6, 0.23974113442875758, 0.5, 6
"ERR1873471", 11, "ERR1873479", 6, 0.23972069970380291, 0.5, 6
"ERR1873455", 10, "ERR1873487", 7, 0.23971063598890352, 0.5, 6
"ERR1873413", 10, "ERR1873487", 7, 0.2396980946895457, 0.5, 6
"ERR1633956", 8, "ERR1873478", 6, 0.2397568609787692, 0.5, 5
"ERR1633956", 8, "ERR1873399", 6, 0.23974171427358165, 0.5, 5
"ERR1633956", 8, "ERR1873415", 6, 0.2397324602070502, 0.5, 5
"ERR1633964", 7, "ERR1873487", 7, 0.23971799157739918, 0.5, 5
"ERR1873416", 8, "ERR1873479", 6, 0.23969202255270305, 0.5, 5
"SRR3743416", 5, "SRR3743486", 10, 0.23962432013914978, 0.5, 5
"ERR1873487", 7, "ERR1873558", 10, 0.2397474139190243, 0.45454545454545453, 6
"ERR1873414", 8, "ERR1873487", 7, 0.23974704252983156, 0.45454545454545453, 6
"ERR1873390", 8, "ERR1873487", 7, 0.23971605418344127, 0.45454545454545453, 6
"ERR1873481", 8, "ERR1873487", 7, 0.23969866355683325, 0.45454545454545453, 6
"ERR1873403", 8, "ERR1873487", 7, 0.23968896320010422, 0.45454545454545453, 6
"ERR1873479", 6, "ERR1873487", 7, 0.2398026981106938, 0.4444444444444444, 5
"ERR1873399", 6, "ERR1873487", 7, 0.23976887700337723, 0.4444444444444444, 5
"ERR1873478", 6, "ERR1873487", 7, 0.23974956608949757, 0.4444444444444444, 5
"ERR1873479", 6, "ERR1873559", 9, 0.23969510822971074, 0.4444444444444444, 5
"ERR1633964", 7, "ERR1873479", 6, 0.2397276961392781, 0.4, 6
"ERR1873487", 7, "ERR1873491", 8, 0.2397030689817375, 0.4, 6
"ERR1873487", 7, "ERR1873501", 8, 0.23970047061537147, 0.4, 6
"SRR5153208", 6, "SRR5153712", 5, 0.2397310516307334, 0.375, 5
"SRR5153208", 6, "SRR5153600", 5, 0.239728886074995, 0.375, 5
"ERR1873487", 7, "ERR1873499", 9, 0.23975422206652622, 0.36363636363636365, 7
"ERR1633956", 8, "ERR1873479", 6, 0.2397494067711787, 0.36363636363636365, 7
"ERR1873487", 7, "ERR1873537", 9, 0.23971953807295393, 0.36363636363636365, 7
"ERR1873451", 11, "1296-12", 0, 0.23974807139108997, 0.0, 11
"ERR1873471", 11, "1296-12", 0, 0.23974401612528728, 0.0, 11
"ERR1873558", 10, "1296-12", 0, 0.23978005515557813, 0.0, 10
"ERR1873455", 10, "1296-12", 0, 0.23973967794406148, 0.0, 10
"ERR1873423", 10, "1296-12", 0, 0.23973940622100906, 0.0, 10
"ERR1873484", 9, "1296-12", 0, 0.2397952334841101, 0.0, 9
"ERR1873499", 9, "1296-12", 0, 0.2397725113056627, 0.0, 9
"ERR1873450", 9, "1296-12", 0, 0.23974560614706802, 0.0, 9
"ERR1873537", 9, "1296-12", 0, 0.23974479089513626, 0.0, 9
"ERR1873457", 9, "1296-12", 0, 0.23974029622372847, 0.0, 9
"ERR1873412", 9, "1296-12", 0, 0.23972905137643621, 0.0, 9
"3007-13", 0, "4245-13", 8, 0.23981314346940244, 0.0, 8
"ERR1873414", 8, "1296-12", 0, 0.23977897829075664, 0.0, 8
"ERR1633956", 8, "1296-12", 0, 0.23975950126760384, 0.0, 8
"ERR1873501", 8, "1296-12", 0, 0.23974696826792477, 0.0, 8
"ERR1873390", 8, "1296-12", 0, 0.23974461918533896, 0.0, 8
"ERR1873491", 8, "1296-12", 0, 0.23973711126008446, 0.0, 8
"ERR1873481", 8, "1296-12", 0, 0.23973486055991303, 0.0, 8
"ERR1873403", 8, "1296-12", 0, 0.2397272615672629, 0.0, 8
"ERR1873416", 8, "1296-12", 0, 0.23971432380683982, 0.0, 8
"ERR1873431", 8, "1296-12", 0, 0.239711097899283, 0.0, 8
"12466-13", 7, "3007-13", 0, 0.23979920307999386, 0.0, 7
"12487-13", 7, "3007-13", 0, 0.23979374110013302, 0.0, 7
"ERR1873487", 7, "1296-12", 0, 0.2397785424793482, 0.0, 7
"1244-13", 7, "3007-13", 0, 0.239772195268222, 0.0, 7
"3007-13", 0, "5887-13", 7, 0.23976622435171388, 0.0, 7
"ERR1161624", 7, "3007-13", 0, 0.23976461477825242, 0.0, 7
"ERR1873469", 7, "1296-12", 0, 0.23973286555357767, 0.0, 7
"ERR1633964", 7, "1296-12", 0, 0.23972269275550237, 0.0, 7
"ERR1873479", 6, "1296-12", 0, 0.23978208024357717, 0.0, 6
"ERR1161623", 6, "3007-13", 0, 0.23976031369044437, 0.0, 6
"ERR1873399", 6, "1296-12", 0, 0.23974294973250654, 0.0, 6
"ERR1873478", 6, "1296-12", 0, 0.23973180398784516, 0.0, 6
"ERR1873415", 6, "1296-12", 0, 0.23968949958654528, 0.0, 6
